TF,Target,Score
0,111,0.2826368514847007
0,178,0.2465948935467573
0,172,0.1859942692871819
0,149,0.1927138273212689
0,143,0.2061528273363825
0,136,0.1813872123059099
0,179,0.3115191390216589
0,113,0.1720964663547108
1,164,0.2857358475096286
1,167,0.1689947140159503
1,116,0.2263839674194015
1,183,0.1782400009453845
2,180,0.23282815356454
2,101,0.1911824001647769
2,190,0.3447135531792292
2,169,0.1836394069863517
2,120,0.3417215618197167
2,160,0.3054569357371886
2,155,0.2462905067527699
2,182,0.3011310149138856
3,189,0.1831582486221417
4,138,0.2749199109676478
4,110,0.381625536021195
4,152,0.1823396938327187
4,184,0.3012514883300175
4,165,0.3626513179637367
4,150,0.4981394642994871
4,190,0.3507273187045573
4,135,0.1904309826123192
5,112,0.1812728739784401
6,186,0.2481379908269978
6,128,0.2315775528432297
7,111,0.3052981017264239
7,138,0.2911272947377631
7,161,0.3198055059962694
7,133,0.3823208197305734
7,175,0.1913302520892008
7,169,0.2496779210575037
7,155,0.1972576900222889
7,122,0.1969997054087099
7,158,0.2610339814412002
7,193,0.2355434543126636
8,144,0.2914273988471126
8,162,0.168487455607013
8,106,0.3762958192881839
9,120,0.3133582147470986
9,153,0.2259239270692639
10,198,0.1689283711296267
11,118,0.2036445676713855
11,157,0.2642683389104314
11,174,0.1759091776577455
11,136,0.360388304509417
11,168,0.2034500655529475
11,151,0.2806521094123001
11,152,0.1993028158843652
11,148,0.2844442208778727
11,141,0.2065080798939264
12,125,0.6238064553721222
12,172,0.2038880680046022
12,182,0.1702539622004882
12,193,0.180966357148709
12,119,0.2347227874710784
12,173,0.2263901660907653
12,158,0.1660253213133303
12,175,0.2719242687752015
12,134,0.2734970905160452
13,102,0.1717498061586115
13,146,0.2648536194446067
13,145,0.3739830546479923
14,196,0.2331580531902507
14,140,0.3410027823851838
14,169,0.1795039129985269
14,115,0.264194638323234
14,111,0.2110121233785151
14,191,0.2971254724448592
14,146,0.2500229402609384
15,106,0.2209497461284515
15,169,0.2601121690928458
15,132,0.1663109920781418
15,187,0.4514092849847623
15,152,0.2217010494602138
16,169,0.2685698863395102
16,107,0.2598942343355355
16,179,0.2070121265089462
16,180,1.0
16,110,0.3270834068189927
16,123,0.3660387997949511
16,197,0.1772591357221243
16,154,0.167554318341805
16,188,0.6997461156698193
16,120,0.177168394136287
16,111,0.1776036866338306
16,172,0.3381911671104048
16,166,0.1941270261146008
16,183,0.7252471724290491
17,193,0.2482965506081756
17,140,0.1663430294606487
17,113,0.2902831805706925
17,102,0.2021101318653195
18,149,0.307003378219621
18,108,0.1730546562740938
18,199,0.4190188242383257
18,105,0.1791451125670377
18,135,0.1876132190160087
18,162,0.1675067519506388
19,120,0.2215545119317404
19,134,0.1953635734973611
19,122,0.2483214083974135
19,132,0.1764562194515146
20,145,0.1938793351335023
21,173,0.3661590602183159
21,151,0.2119785690465848
21,126,0.2708907890780869
21,175,0.2205136116681667
21,156,0.2641258448736391
21,181,0.1676593066283324
22,101,0.5498727928480902
22,198,0.211460695376051
23,103,0.2178039405882244
23,171,0.1866750751140786
23,165,0.1752071730496975
23,142,0.2263271301478887
23,193,0.1866066172853372
24,189,0.4482259640692836
24,145,0.214865324784037
24,128,0.4320839181483329
25,130,0.2761022867305656
25,112,0.2931887078163966
25,117,0.2075235410117944
25,133,0.2368970630632961
25,179,0.2259324754733018
26,160,0.1814121491624538
26,192,0.2348636450866156
26,174,0.3364370507264358
26,147,0.1913126149639875
26,158,0.1921950411890106
26,193,0.1965685158634127
26,102,0.3694679390702058
27,189,0.204818963008906
27,106,0.20577044926771
27,159,0.3282246109023999
27,195,0.1810144074986547
27,138,0.2735322262164588
28,167,0.1875729722990322
28,164,0.2110740619615784
29,141,0.1760905617171174
30,138,0.1820060421817041
30,111,0.1972412913342001
30,178,0.3053800407582303
30,196,0.1838165654080404
30,142,0.1668737883746949
30,154,0.2548855049584634
30,102,0.3628424447169184
31,191,0.2237273321286409
31,163,0.2767812652297817
31,124,0.4612234724318296
31,119,0.29599416961541
32,146,0.257496679326036
32,109,0.2436629815949622
32,192,0.1741133161564299
33,114,0.2925577674211362
33,164,0.2980437349093832
33,170,0.2344109530562723
34,126,0.217247014418091
34,199,0.1830669904896069
34,123,0.3279023425304217
35,187,0.2035384641537379
35,191,0.3195141467760106
35,147,0.1833198318415318
35,166,0.2672030965046884
35,155,0.2832568957259233
35,162,0.3076468884979038
35,139,0.2492968103280117
36,121,0.1717541056800224
36,153,0.2126481993387175
38,172,0.2167387741351564
39,145,0.2356863621480267
39,158,0.2374207734712521
39,107,0.1871360283437435
39,195,0.3740907053877921
39,139,0.270582621025378
39,154,0.1864880108250984
39,153,0.2482485120412356
39,167,0.1893496018662391
40,155,0.1679617535988133
40,185,0.166239856398242
40,176,0.1791264139484056
40,148,0.1792076732223844
40,150,0.2206909681573784
40,151,0.1658439617933197
40,123,0.2867082264177717
40,118,0.370659108786466
40,182,0.2529689058376059
40,179,0.2542200377581221
40,107,0.4273674776761891
41,131,0.2416488869580917
41,154,0.2452033168676926
41,171,0.2252750561661526
42,144,0.3013834465972271
42,122,0.2683464604384858
42,189,0.2173980924450733
42,134,0.182104170733277
42,197,0.1872705841918359
42,114,0.3939794584489807
43,194,0.2377628068178007
43,177,0.1697728964738951
43,127,0.1829794306152192
44,165,0.4683771324965772
44,162,0.2047158973423557
44,108,0.1880284510436441
44,156,0.2485074932652141
44,100,0.1815212006161853
45,178,0.2479682668730991
45,100,0.2352509382367394
45,148,0.2400485147064041
45,176,0.1909541537626072
45,165,0.2612891000624077
46,144,0.2412315468202169
46,163,0.2030815091435008
46,183,0.1662869741494805
46,173,0.1981446032535625
46,118,0.2188344237050986
46,127,0.2075132495618803
48,163,0.2508665223735652
49,185,0.2893583527156204
49,106,0.2002183994712091
49,146,0.181077908939032
50,165,0.1687848589136684
50,120,0.1709307550723998
50,140,0.172689265462272
50,196,0.6044482936141244
50,123,0.323113033911358
51,122,0.1804381542010824
51,163,0.1966714138655805
51,159,0.1668696884162754
51,181,0.42305987239041
51,186,0.2510826464673671
52,141,0.2107154356840164
52,160,0.2769449005294798
52,156,0.4207954772927266
52,176,0.1726778241096371
52,124,0.314283562594124
52,188,0.2054102023189191
52,103,0.5039400458446593
52,189,0.1960973737061488
53,199,0.1712429355103681
53,176,0.2022109965437917
54,100,0.3650827819388341
54,189,0.1666425471675299
54,125,0.2421075063652435
54,180,0.1860562214408925
55,195,0.2510830934810832
55,147,0.2463113608822715
55,157,0.2120758156927495
55,151,0.3033019913855026
55,182,0.186364947572273
56,140,0.1933549437550202
56,193,0.3392988675360269
56,178,0.3432167298504527
56,136,0.3060093242718539
56,134,0.3797290590561978
56,141,0.2906184696927475
57,172,0.2136752236872422
57,119,0.3273486384410782
57,174,0.1879936155717936
57,147,0.1776094976630563
57,185,0.2761610687123876
57,187,0.1736456802757232
57,104,0.1703806050660342
58,197,0.3697449047890313
58,131,0.3439079243163893
58,107,0.2055428594430686
58,104,0.2500554681414076
58,141,0.3109784638043356
59,179,0.2235965557979761
60,103,0.2013942140477813
60,184,0.4192521445083648
60,126,0.1839340746793244
60,147,0.168139049198767
60,170,0.5828786785349206
60,110,0.2959736339877961
61,131,0.2856927935149493
61,194,0.2455352721100385
62,130,0.2528780554549316
62,188,0.1965629222020779
62,126,0.2565949700184042
62,159,0.559272683368337
62,100,0.205946570055755
62,152,0.2518260288576905
63,112,0.210759166605295
63,105,0.2798719049283854
64,103,0.2213537838648755
64,166,0.167776835662563
64,144,0.1985014340076616
64,184,0.2311609824168108
64,165,0.1875074438849275
64,137,0.2310236823468887
64,106,0.2123848151471246
64,107,0.2768353225503738
65,184,0.5230976175978175
65,198,0.1688419810196677
65,171,0.33249071665351
65,142,0.2052184241587746
65,190,0.4020679548118834
65,113,0.2938341637259034
65,120,0.2099498296066642
65,132,0.4211817341799831
65,164,0.1889868802544352
65,143,0.1790660336832241
66,110,0.174321861050632
66,168,0.2184568340791764
66,161,0.1955883600680744
66,192,0.2376930275355113
68,144,0.2594723121274743
68,183,0.1719810057865135
68,146,0.1966352699663605
68,142,0.1987469309397238
68,118,0.1953763089413343
68,109,0.1713019935123464
68,127,0.4561520435473672
68,171,0.2478927148348639
68,122,0.187930357674538
68,133,0.1743122153366788
69,133,0.2987274132260522
69,109,0.4357337633855553
69,185,0.2912400212150944
69,100,0.1687025115549072
70,115,0.2371155762956455
71,105,0.2234891967393143
72,190,0.2006399326111957
72,184,0.206549628010038
72,135,0.1718830578571617
72,151,0.3279905241804213
72,124,0.1759112917328664
72,132,0.4344728825127973
72,142,0.3698176326121434
72,104,0.2027388094534017
72,171,0.1982712544335889
72,140,0.189360563078472
72,128,0.3379308017969947
73,168,0.1730785912939195
73,130,0.245358110314823
73,124,0.553803512119181
73,102,0.1827088851103671
73,142,0.3700753305373129
73,194,0.7376695675262297
74,121,0.2954433163625198
74,197,0.4264210625532286
74,152,0.3138004409954807
74,102,0.1826330144582306
74,193,0.1830992703759811
74,117,0.1680227112368873
74,150,0.1895243109063777
75,175,0.2030117758731253
75,127,0.2137420133576823
75,103,0.3001737145034285
76,115,0.1888428155542124
76,187,0.1855931509714149
76,123,0.1836726571482693
76,167,0.2293161729493245
76,153,0.3457195892046178
76,111,0.1939496070048053
77,119,0.1894938454801674
77,134,0.1944963677357645
77,157,0.2654628218734899
77,193,0.1742125195556597
77,161,0.2931205397587121
77,169,0.3562314878788103
77,113,0.1941480737975983
77,153,0.2162863009298436
77,177,0.5262951727686493
77,178,0.1786167344264647
78,191,0.2604386972023697
78,121,0.203863383827881
78,136,0.1875881397036782
78,184,0.1690920136891797
78,129,0.1892180987940289
78,147,0.3470127682297307
78,166,0.3317440263817189
78,109,0.3383925979458276
79,168,0.3372468939620085
79,192,0.3556782832856745
79,180,0.2097457332231699
79,177,0.2032396691918505
80,100,0.2134063615491556
81,149,0.2143767193063235
81,198,0.2011069769364415
81,155,0.2009132338966803
81,121,0.1829821346319295
81,126,0.2986498596969667
81,166,0.2308520185492436
81,147,0.1706014151432475
81,143,0.48113307799823
82,148,0.1750663273514906
82,174,0.3563972492027718
82,139,0.3173895767359817
82,143,0.2141038846609364
82,168,0.3916385539944264
82,170,0.1669343480023522
83,145,0.2169520723557406
83,129,0.3879613976815784
83,198,0.2348914486081547
83,113,0.5059285945357792
83,100,0.180837855890825
83,137,0.2932868878346854
83,171,0.1896212701666618
83,187,0.4172055933643102
83,106,0.1873148004323184
83,104,0.2036772260170111
84,135,0.1863942379808142
84,113,0.1682404246434044
84,186,0.3850150015133416
84,159,0.2262056790977921
84,138,0.1847470334156087
84,106,0.2599589428099144
84,162,0.3898581542126217
84,132,0.2954180201679569
85,199,0.3447845647208309
85,173,0.2794303546687833
85,104,0.3485904596303772
85,112,0.3566613358187739
85,137,0.3643142553950474
85,108,0.3574767677342781
85,184,0.2511996603645012
85,130,0.4157023944080961
86,148,0.2019084702362982
86,107,0.1742690968125078
86,111,0.1660568722172204
87,158,0.3176585481290184
87,139,0.1931577560842657
87,105,0.2365872232993064
87,116,0.2221888552530066
88,117,0.240980735535712
88,192,0.1668993288420004
88,140,0.3627794548740517
89,100,0.2049425767125831
89,142,0.2576287803136874
89,187,0.1943234019549092
89,131,0.1689039240634643
89,171,0.2660281768580539
89,119,0.21729404986799
90,117,0.263272812272815
90,118,0.1822364905053319
90,158,0.2447776953625172
91,140,0.2245168469945204
91,154,0.24137143465938
91,149,0.2431207096238556
91,184,0.2331337489947106
91,112,0.3894452354027068
91,167,0.3304135955663438
91,133,0.1774913126900514
91,135,0.180585965396096
92,167,0.4392575183520038
92,195,0.5219527400285343
92,120,0.1714089328727299
92,164,0.283710285611044
92,145,0.3473188654632841
93,141,0.2142047104685706
93,121,0.2282633484023608
93,100,0.1743613118389107
94,176,0.2590344682783775
94,101,0.3453249718181457
94,118,0.1789794604245377
95,176,0.2495715577540543
95,186,0.1686067082286994
95,110,0.210060289469861
95,184,0.2045991268822008
95,111,0.2683564087926423
95,135,0.1982260681062532
96,156,0.2407573460142514
97,191,0.2270849151742829
97,154,0.1848917478315295
97,108,0.2205321637285222
98,134,0.2331598184357703
98,143,0.4005794887979548
98,194,0.2514760792136083
98,129,0.2477481645077618
98,131,0.2774315775591987
98,150,0.2681814729838348
99,146,0.2664290840596979
99,107,0.1908058196120682
99,155,0.2282560532942387
99,198,0.2420799235661953
99,101,0.2747888070401493
99,182,0.4615560013898296
99,172,0.1753150667333989
99,176,0.335449087323513
